Date,RealPrice,HousingStarts,MedianHouseholdIncome,MortgageRate,Population,UnemploymentRate
1/1/1984,76591.58,1897,22420.0,13.368,235456,8.0
2/1/1984,76218.32,2260,22420.0,13.232,235601,7.8
3/1/1984,75996.11,1663,22420.0,13.386,235757,7.8
4/1/1984,78121.97,1851,22420.0,13.652,235916,7.7
5/1/1984,77971.01,1774,22420.0,13.942,236077,7.4
6/1/1984,77820.64,1843,22420.0,14.416,236254,7.2
7/1/1984,77809.8,1732,22420.0,14.668,236449,7.5
8/1/1984,77586.21,1586,22420.0,14.47,236655,7.5
9/1/1984,77363.9,1698,22420.0,14.35,236868,7.3
10/1/1984,76022.84,1590,22420.0,14.13,237068,7.4
11/1/1984,75878.44,1689,22420.0,13.638,237238,7.2
12/1/1984,75734.6,1612,22420.0,13.18,237392,7.3
1/1/1985,78334.91,1711,23620.0,13.075,237535,7.3
2/1/1985,77892.76,1632,23620.0,12.92,237667,7.2
3/1/1985,77528.09,1800,23620.0,13.17,237816,7.2
4/1/1985,78785.05,1821,23620.0,13.195,237987,7.3
5/1/1985,78638.06,1680,23620.0,12.914,238172,7.2
6/1/1985,78418.6,1676,23620.0,12.215,238368,7.4
7/1/1985,77251.62,1684,23620.0,12.032,238573,7.4
8/1/1985,77108.43,1743,23620.0,12.186,238789,7.1
9/1/1985,76965.77,1676,23620.0,12.192,239006,7.1
10/1/1985,80000.0,1834,23620.0,12.135,239210,7.1
11/1/1985,79633.03,1698,23620.0,11.784,239392,7.0
12/1/1985,79269.41,1942,23620.0,11.26,239558,7.0
1/1/1986,80072.79,1972,24900.0,10.886,239713,6.7
2/1/1986,80218.78,1848,24900.0,10.71,239858,7.2
3/1/1986,80659.95,1876,24900.0,10.08,240011,7.2
4/1/1986,84728.61,1933,24900.0,9.938,240183,7.1
5/1/1986,84495.41,1854,24900.0,10.144,240365,7.2
6/1/1986,84186.47,1847,24900.0,10.682,240555,7.2
7/1/1986,84931.51,1782,24900.0,10.508,240753,7.0
8/1/1986,84854.01,1807,24900.0,10.2,240961,6.9
9/1/1986,84545.45,1687,24900.0,10.008,241171,7.0
10/1/1986,86206.9,1681,24900.0,9.974,241371,7.0
11/1/1986,86050.72,1623,24900.0,9.695,241544,6.9
12/1/1986,85740.07,1833,24900.0,9.31,241702,6.6
1/1/1987,87881.51,1774,26060.0,9.204,241857,6.6
2/1/1987,87567.08,1784,26060.0,9.082,242005,6.6
3/1/1987,87254.9,1726,26060.0,9.035,242166,6.6
4/1/1987,91748.0,1614,26060.0,9.832,242338,6.3
5/1/1987,91504.42,1628,26060.0,10.596,242516,6.3
6/1/1987,91101.32,1594,26060.0,10.538,242706,6.2
7/1/1987,93145.87,1575,26060.0,10.278,242908,6.1
8/1/1987,92738.41,1605,26060.0,10.33,243118,6.0
9/1/1987,92415.0,1695,26060.0,10.888,243335,5.9
10/1/1987,96956.52,1515,26060.0,11.26,243543,6.0
11/1/1987,96620.45,1656,26060.0,10.65,243724,5.8
12/1/1987,96453.29,1400,26060.0,10.64,243895,5.7
1/1/1988,94827.59,1271,27230.0,10.382,244056,5.7
2/1/1988,94664.37,1473,27230.0,9.892,244205,5.7
3/1/1988,94420.6,1532,27230.0,9.93,244362,5.7
4/1/1988,93856.66,1573,27230.0,10.202,244528,5.4
5/1/1988,93617.02,1421,27230.0,10.455,244708,5.6
6/1/1988,93220.34,1478,27230.0,10.46,244914,5.4
7/1/1988,97046.41,1467,27230.0,10.432,245131,5.4
8/1/1988,96638.66,1493,27230.0,10.598,245352,5.6
9/1/1988,96234.31,1492,27230.0,10.48,245579,5.4
10/1/1988,94995.83,1522,27230.0,10.302,245789,5.4
11/1/1988,94679.97,1569,27230.0,10.265,245970,5.3
12/1/1988,94366.2,1563,27230.0,10.612,246140,5.3
1/1/1989,97359.74,1621,28910.0,10.73,246301,5.4
2/1/1989,97039.47,1425,28910.0,10.645,246454,5.2
3/1/1989,96563.01,1422,28910.0,11.032,246626,5.0
4/1/1989,96588.14,1339,28910.0,11.05,246814,5.2
5/1/1989,96119.64,1331,28910.0,10.772,247010,5.2
6/1/1989,95809.83,1397,28910.0,10.196,247228,5.3
7/1/1989,96385.54,1427,28910.0,9.882,247458,5.2
8/1/1989,96385.54,1332,28910.0,9.985,247695,5.2
9/1/1989,96153.85,1279,28910.0,10.126,247942,5.3
10/1/1989,99521.53,1410,28910.0,9.948,248174,5.3
11/1/1989,99126.29,1351,28910.0,9.768,248380,5.4
12/1/1989,98812.35,1251,28910.0,9.744,248569,5.4
1/1/1990,97176.47,1551,29940.0,9.895,248743,5.4
2/1/1990,96796.88,1437,29940.0,10.198,248920,5.3
3/1/1990,96345.26,1289,29940.0,10.268,249146,5.2
4/1/1990,98370.83,1248,29940.0,10.37,249436,5.4
5/1/1990,98218.44,1212,29940.0,10.478,249707,5.4
6/1/1990,97613.55,1177,29940.0,10.164,249990,5.2
7/1/1990,89655.17,1171,29940.0,10.035,250285,5.5
8/1/1990,88905.78,1115,29940.0,10.1,250595,5.7
9/1/1990,88301.89,1110,29940.0,10.175,250904,5.9
10/1/1990,91079.46,1014,29940.0,10.178,251201,5.9
11/1/1990,90875.09,1145,29940.0,10.014,251486,6.2
12/1/1990,90536.51,969,29940.0,9.672,251758,6.3
1/1/1991,89086.86,798,30130.0,9.638,252012,6.4
2/1/1991,89020.77,965,30130.0,9.365,252253,6.6
3/1/1991,89020.77,921,30130.0,9.5,252507,6.8
4/1/1991,88749.07,1001,30130.0,9.492,252778,6.7
5/1/1991,88421.83,996,30130.0,9.472,253060,6.9
6/1/1991,88161.76,1036,30130.0,9.615,253350,6.9
7/1/1991,88105.73,1063,30130.0,9.575,253650,6.8
8/1/1991,87847.73,1049,30130.0,9.244,253966,6.9
9/1/1991,87591.24,1015,30130.0,9.008,254280,6.9
10/1/1991,87463.56,1079,30130.0,8.855,254576,7.0
11/1/1991,87082.73,1103,30130.0,8.712,254841,7.0
12/1/1991,86830.68,1079,30130.0,8.497,255089,7.3
1/1/1992,86406.36,1176,30640.0,8.432,255331,7.3
2/1/1992,86219.34,1250,30640.0,8.762,255576,7.4
3/1/1992,85909.42,1297,30640.0,8.935,255848,7.4
4/1/1992,86083.21,1099,30640.0,8.852,256139,7.4
5/1/1992,85898.35,1214,30640.0,8.672,256437,7.6
6/1/1992,85653.1,1145,30640.0,8.51,256742,7.8
7/1/1992,85409.25,1139,30640.0,8.128,257063,7.7
8/1/1992,85227.27,1226,30640.0,7.975,257390,7.6
9/1/1992,85046.07,1186,30640.0,7.922,257704,7.6
10/1/1992,88920.25,1244,30640.0,8.088,258004,7.3
11/1/1992,88669.95,1214,30640.0,8.305,258280,7.4
12/1/1992,88545.33,1227,30640.0,8.206,258546,7.4
1/1/1993,87535.01,1210,31240.0,7.992,258799,7.3
2/1/1993,87351.5,1210,31240.0,7.682,259036,7.1
3/1/1993,87229.59,1083,31240.0,7.495,259283,7.0
4/1/1993,88317.11,1258,31240.0,7.472,259547,7.1
5/1/1993,88072.12,1260,31240.0,7.465,259822,7.1
6/1/1993,88011.09,1280,31240.0,7.418,260109,7.0
7/1/1993,87889.27,1254,31240.0,7.206,260411,6.9
8/1/1993,87707.18,1300,31240.0,7.112,260717,6.8
9/1/1993,87586.21,1343,31240.0,6.915,261015,6.7
10/1/1993,87225.27,1392,31240.0,6.834,261294,6.8
11/1/1993,86986.3,1376,31240.0,7.155,261550,6.6
12/1/1993,86807.93,1533,31240.0,7.172,261796,6.5
1/1/1994,88858.51,1272,32260.0,7.06,262021,6.6
2/1/1994,88616.22,1337,32260.0,7.152,262237,6.6
3/1/1994,88375.25,1564,32260.0,7.675,262491,6.5
4/1/1994,88315.22,1465,32260.0,8.316,262754,6.4
5/1/1994,88135.59,1526,32260.0,8.598,263014,6.1
6/1/1994,87897.23,1409,32260.0,8.398,263294,6.1
7/1/1994,87398.92,1439,32260.0,8.614,263580,6.1
8/1/1994,87046.98,1450,32260.0,8.512,263871,6.0
9/1/1994,86872.07,1474,32260.0,8.64,264159,5.9
10/1/1994,88353.41,1450,32260.0,8.925,264430,5.8
11/1/1994,88117.49,1511,32260.0,9.17,264681,5.6
12/1/1994,87941.37,1455,32260.0,9.198,264924,5.5
1/1/1995,86378.74,1407,34080.0,9.148,265157,5.6
2/1/1995,86149.77,1316,34080.0,8.828,265383,5.4
3/1/1995,85978.84,1249,34080.0,8.462,265625,5.4
4/1/1995,88208.17,1267,34080.0,8.32,265877,5.8
5/1/1995,88034.19,1314,34080.0,7.955,266134,5.6
6/1/1995,87860.89,1281,34080.0,7.566,266414,5.6
7/1/1995,86500.66,1461,34080.0,7.608,266700,5.7
8/1/1995,86330.94,1416,34080.0,7.86,266998,5.7
9/1/1995,86218.16,1369,34080.0,7.636,267304,5.6
10/1/1995,89902.28,1369,34080.0,7.475,267585,5.5
11/1/1995,89785.3,1452,34080.0,7.377,267829,5.6
12/1/1995,89668.62,1431,34080.0,7.2,268047,5.6
1/1/1996,88558.5,1467,35490.0,7.03,268258,5.6
2/1/1996,88387.1,1491,35490.0,7.075,268480,5.5
3/1/1996,88102.89,1424,35490.0,7.624,268724,5.5
4/1/1996,89622.04,1516,35490.0,7.925,268980,5.6
5/1/1996,89450.13,1504,35490.0,8.07,269247,5.6
6/1/1996,89278.88,1467,35490.0,8.32,269527,5.3
7/1/1996,89171.97,1472,35490.0,8.245,269822,5.5
8/1/1996,89058.52,1557,35490.0,8.002,270130,5.1
9/1/1996,88776.16,1475,35490.0,8.23,270433,5.2
10/1/1996,91087.23,1392,35490.0,7.915,270730,5.2
11/1/1996,90800.25,1489,35490.0,7.618,271002,5.4
12/1/1996,90571.97,1370,35490.0,7.598,271243,5.4
1/1/1997,90966.12,1355,37010.0,7.824,271472,5.3
2/1/1997,90795.24,1486,37010.0,7.65,271703,5.2
3/1/1997,90738.42,1457,37010.0,7.898,271952,5.2
4/1/1997,91181.99,1492,37010.0,8.142,272213,5.1
5/1/1997,91181.99,1442,37010.0,7.944,272482,4.9
6/1/1997,91011.24,1494,37010.0,7.69,272767,5.0
7/1/1997,90399.0,1437,37010.0,7.498,273074,4.9
8/1/1997,90174.13,1390,37010.0,7.48,273395,4.8
9/1/1997,89950.37,1546,37010.0,7.43,273703,4.9
10/1/1997,89287.93,1520,37010.0,7.294,273989,4.7
11/1/1997,89177.49,1510,37010.0,7.205,274249,4.6
12/1/1997,89122.37,1566,37010.0,7.095,274499,4.7
1/1/1998,93950.62,1525,38890.0,6.994,274732,4.6
2/1/1998,93950.62,1584,38890.0,7.042,274943,4.6
3/1/1998,93950.62,1567,38890.0,7.128,275175,4.7
4/1/1998,92170.16,1540,38890.0,7.14,275434,4.3
5/1/1998,91943.42,1536,38890.0,7.144,275700,4.4
6/1/1998,91830.47,1641,38890.0,6.998,275976,4.5
7/1/1998,93750.0,1698,38890.0,6.952,276266,4.5
8/1/1998,93635.25,1614,38890.0,6.922,276566,4.5
9/1/1998,93577.98,1582,38890.0,6.722,276859,4.6
10/1/1998,93349.6,1715,38890.0,6.71,277140,4.5
11/1/1998,93235.83,1660,38890.0,6.865,277402,4.4
12/1/1998,93065.69,1792,38890.0,6.738,277658,4.4
1/1/1999,95567.7,1748,40700.0,6.785,277891,4.3
2/1/1999,95567.7,1670,40700.0,6.808,278095,4.4
3/1/1999,95509.71,1710,40700.0,7.04,278324,4.2
4/1/1999,95660.04,1553,40700.0,6.916,278584,4.3
5/1/1999,95602.41,1611,40700.0,7.145,278859,4.2
6/1/1999,95602.41,1559,40700.0,7.55,279148,4.3
7/1/1999,95440.91,1669,40700.0,7.632,279448,4.3
8/1/1999,95212.45,1648,40700.0,7.942,279752,4.2
9/1/1999,94815.26,1635,40700.0,7.822,280053,4.2
10/1/1999,98334.32,1608,40700.0,7.852,280337,4.1
11/1/1999,98159.14,1648,40700.0,7.738,280594,4.1
12/1/1999,97926.54,1708,40700.0,7.912,280846,4.0
1/1/2000,97637.33,1636,41990.0,8.21,281083,4.0
2/1/2000,97235.29,1737,41990.0,8.325,281299,4.1
3/1/2000,96666.67,1604,41990.0,8.24,281531,4.0
4/1/2000,95494.44,1626,41990.0,8.152,281763,3.8
5/1/2000,95327.1,1575,41990.0,8.515,281996,4.0
6/1/2000,94773.52,1559,41990.0,8.288,282247,4.0
7/1/2000,97741.75,1463,41990.0,8.148,282504,4.0
8/1/2000,97741.75,1541,41990.0,8.028,282769,4.1
9/1/2000,97235.02,1507,41990.0,7.912,283033,3.9
10/1/2000,99424.96,1549,41990.0,7.795,283285,3.9
11/1/2000,99253.73,1551,41990.0,7.745,283523,3.9
12/1/2000,99026.35,1532,41990.0,7.382,283748,3.9
1/1/2001,96697.04,1600,42230.0,7.032,283960,4.2
2/1/2001,96477.27,1625,42230.0,7.05,284166,4.2
3/1/2001,96422.49,1590,42230.0,6.952,284380,4.3
4/1/2001,101473.92,1649,42230.0,7.078,284602,4.4
5/1/2001,100958.83,1605,42230.0,7.145,284834,4.3
6/1/2001,100731.57,1636,42230.0,7.16,285076,4.5
7/1/2001,97237.88,1670,42230.0,7.128,285324,4.6
8/1/2001,97237.88,1567,42230.0,6.95,285584,4.9
9/1/2001,96855.7,1562,42230.0,6.818,285842,5.0
10/1/2001,96340.09,1540,42230.0,6.618,286086,5.3
11/1/2001,96394.37,1602,42230.0,6.658,286315,5.5
12/1/2001,96448.7,1568,42230.0,7.065,286533,5.7
1/1/2002,106190.21,1698,42410.0,6.998,286739,5.7
2/1/2002,106011.24,1829,42410.0,6.892,286935,5.7
3/1/2002,105714.29,1642,42410.0,7.014,287131,5.7
4/1/2002,104406.02,1592,42410.0,6.985,287343,5.9
5/1/2002,104289.69,1764,42410.0,6.806,287571,5.8
6/1/2002,104231.63,1717,42410.0,6.65,287808,5.8
7/1/2002,98944.44,1655,42410.0,6.485,288051,5.8
8/1/2002,98670.36,1633,42410.0,6.29,288303,5.7
9/1/2002,98506.64,1804,42410.0,6.092,288554,5.7
10/1/2002,104911.7,1648,42410.0,6.112,288794,5.7
11/1/2002,104738.29,1753,42410.0,6.068,289012,5.9
12/1/2002,104565.46,1788,42410.0,6.048,289214,6.0
1/1/2003,101861.99,1853,43320.0,5.916,289412,5.8
2/1/2003,101307.19,1629,43320.0,5.842,289606,5.9
3/1/2003,101141.92,1726,43320.0,5.745,289809,5.9
4/1/2003,104694.32,1643,43320.0,5.812,290024,6.0
5/1/2003,104866.05,1751,43320.0,5.484,290250,6.1
6/1/2003,104751.5,1867,43320.0,5.23,290484,6.3
7/1/2003,104463.8,1897,43320.0,5.632,290726,6.2
8/1/2003,104010.84,1833,43320.0,6.264,290974,6.1
9/1/2003,103673.69,1939,43320.0,6.148,291222,6.1
10/1/2003,107517.58,1967,43320.0,5.952,291463,6.0
11/1/2003,107459.46,2083,43320.0,5.932,291677,5.8
12/1/2003,107169.81,2057,43320.0,5.876,291868,5.7
1/1/2004,114170.69,1911,44330.0,5.712,292046,5.7
2/1/2004,113926.08,1846,44330.0,5.635,292230,5.6
3/1/2004,113682.52,1998,44330.0,5.445,292434,5.8
4/1/2004,116115.26,2003,44330.0,5.83,292651,5.6
5/1/2004,115621.68,1981,44330.0,6.27,292872,5.6
6/1/2004,115193.22,1828,44330.0,6.288,293103,5.6
7/1/2004,112903.23,2002,44330.0,6.056,293350,5.5
8/1/2004,112843.55,2024,44330.0,5.868,293603,5.4
9/1/2004,112486.83,1905,44330.0,5.754,293857,5.4
10/1/2004,119916.14,2072,44330.0,5.722,294104,5.5
11/1/2004,119353.16,1782,44330.0,5.73,294337,5.4
12/1/2004,119353.16,2042,44330.0,5.752,294561,5.4
1/1/2005,121346.56,2144,46330.0,5.71,294768,5.3
2/1/2005,120842.0,2207,46330.0,5.628,294955,5.4
3/1/2005,120403.94,1864,46330.0,5.928,295149,5.2
4/1/2005,120650.49,2061,46330.0,5.855,295359,5.2
5/1/2005,120712.81,2025,46330.0,5.72,295582,5.1
6/1/2005,120650.49,2068,46330.0,5.582,295824,5.0
7/1/2005,121292.97,2054,46330.0,5.695,296077,5.0
8/1/2005,120550.74,2095,46330.0,5.82,296338,4.9
9/1/2005,118913.48,2151,46330.0,5.774,296606,5.0
10/1/2005,122350.58,2065,46330.0,6.065,296857,5.0
11/1/2005,122968.2,2147,46330.0,6.33,297089,5.0
12/1/2005,122968.2,1994,46330.0,6.272,297311,4.9
1/1/2006,124285.0,2273,48200.0,6.145,297526,4.7
2/1/2006,124222.67,2119,48200.0,6.252,297734,4.8
3/1/2006,124036.05,1969,48200.0,6.324,297950,4.7
4/1/2006,122720.48,1821,48200.0,6.508,298170,4.7
5/1/2006,122354.69,1942,48200.0,6.598,298401,4.6
6/1/2006,122051.54,1802,48200.0,6.682,298653,4.6
7/1/2006,116116.31,1737,48200.0,6.762,298910,4.7
8/1/2006,115603.53,1650,48200.0,6.524,299178,4.7
9/1/2006,116173.57,1720,48200.0,6.402,299452,4.5
10/1/2006,121545.32,1491,48200.0,6.358,299710,4.4
11/1/2006,121485.15,1570,48200.0,6.24,299950,4.5
12/1/2006,120827.18,1649,48200.0,6.135,300178,4.4
1/1/2007,126525.66,1409,50230.0,6.218,300398,4.6
2/1/2007,126036.84,1480,50230.0,6.285,300608,4.5
3/1/2007,125384.83,1495,50230.0,6.156,300823,4.4
4/1/2007,117627.63,1490,50230.0,6.18,301045,4.5
5/1/2007,117143.48,1415,50230.0,6.262,301278,4.4
6/1/2007,116872.71,1448,50230.0,6.658,301528,4.6
7/1/2007,116472.31,1354,50230.0,6.695,301790,4.7
8/1/2007,116436.41,1330,50230.0,6.572,302064,4.6
9/1/2007,115945.09,1183,50230.0,6.382,302334,4.7
10/1/2007,113963.38,1264,50230.0,6.375,302590,4.7
11/1/2007,113074.74,1197,50230.0,6.208,302834,4.7
12/1/2007,112748.0,1037,50230.0,6.095,303062,5.0
1/1/2008,110239.71,1084,50300.0,5.758,303280,5.0
2/1/2008,109973.81,1103,50300.0,5.918,303494,4.9
3/1/2008,109581.72,1005,50300.0,5.97,303707,5.1
4/1/2008,109983.08,1013,50300.0,5.918,303926,5.0
5/1/2008,109336.08,973,50300.0,6.036,304157,5.4
6/1/2008,108202.31,1046,50300.0,6.32,304396,5.6
7/1/2008,103417.1,923,50300.0,6.426,304646,5.8
8/1/2008,103571.27,844,50300.0,6.478,304903,6.1
9/1/2008,103482.78,820,50300.0,6.038,305158,6.1
10/1/2008,102536.92,777,50300.0,6.2,305403,6.5
11/1/2008,104385.11,652,50300.0,6.088,305620,6.8
12/1/2008,105251.71,560,50300.0,5.286,305827,7.3
1/1/2009,98332.96,490,49780.0,5.047,306035,7.8
2/1/2009,97976.07,582,49780.0,5.13,306237,8.3
3/1/2009,98072.9,505,49780.0,5.002,306438,8.7
4/1/2009,103850.8,478,49780.0,4.81,306645,9.0
5/1/2009,103698.21,540,49780.0,4.858,306863,9.4
6/1/2009,102844.64,585,49780.0,5.42,307090,9.5
7/1/2009,99801.61,594,49780.0,5.222,307322,9.5
8/1/2009,99468.54,586,49780.0,5.192,307570,9.6
9/1/2009,99276.85,585,49780.0,5.058,307826,9.8
10/1/2009,101150.53,534,49780.0,4.952,308071,10.0
11/1/2009,100812.95,588,49780.0,4.875,308289,9.9
12/1/2009,100760.53,581,49780.0,4.93,308495,9.9
1/1/2010,102488.41,614,49280.0,5.03,308706,9.8
2/1/2010,102586.05,604,49280.0,4.99,308904,9.8
3/1/2010,102552.07,636,49280.0,4.968,309095,9.9
4/1/2010,100964.57,687,49280.0,5.098,309289,9.9
5/1/2010,101017.07,583,49280.0,4.888,309485,9.6
6/1/2010,101059.4,536,49280.0,4.738,309691,9.4
7/1/2010,102984.77,546,49280.0,4.564,309913,9.4
8/1/2010,102834.49,599,49280.0,4.428,310146,9.5
9/1/2010,102668.65,594,49280.0,4.346,310385,9.5
10/1/2010,102403.73,543,49280.0,4.225,310612,9.4
11/1/2010,102144.91,545,49280.0,4.3,310820,9.8
12/1/2010,101736.27,539,49280.0,4.714,311020,9.3
1/1/2011,102582.88,630,50050.0,4.755,311204,9.1
2/1/2011,102254.19,517,50050.0,4.952,311373,9.0
3/1/2011,101727.89,600,50050.0,4.836,311551,9.0
4/1/2011,101788.1,554,50050.0,4.84,311740,9.1
5/1/2011,101465.26,561,50050.0,4.638,311935,9.0
6/1/2011,101465.26,608,50050.0,4.51,312147,9.1
7/1/2011,99159.25,623,50050.0,4.545,312372,9.0
8/1/2011,98847.44,585,50050.0,4.27,312605,9.0
9/1/2011,98633.26,650,50050.0,4.106,312842,9.0
10/1/2011,97508.27,610,50050.0,4.068,313060,8.8
11/1/2011,97328.42,711,50050.0,3.992,313260,8.6
12/1/2011,97305.29,694,50050.0,3.958,313454,8.5
1/1/2012,104633.91,723,51020.0,3.915,313636,8.3
2/1/2012,104410.74,704,51020.0,3.89,313811,8.3
3/1/2012,104192.62,695,51020.0,3.954,313993,8.2
4/1/2012,104150.76,753,51020.0,3.91,314176,8.2
5/1/2012,104366.61,708,51020.0,3.798,314368,8.2
6/1/2012,104452.92,757,51020.0,3.675,314576,8.2
7/1/2012,108841.16,740,51020.0,3.55,314796,8.2
8/1/2012,108212.49,754,51020.0,3.602,315031,8.1
9/1/2012,107698.63,847,51020.0,3.498,315264,7.8
10/1/2012,108660.93,915,51020.0,3.383,315485,7.8
11/1/2012,108843.71,833,51020.0,3.352,315692,7.7
12/1/2012,108856.89,976,51020.0,3.345,315877,7.9
1/1/2013,111533.63,888,53590.0,3.414,316038,8.0
2/1/2013,110931.28,962,53590.0,3.532,316191,7.7
3/1/2013,111244.09,1010,53590.0,3.565,316357,7.5
4/1/2013,115661.55,835,53590.0,3.445,316535,7.6
5/1/2013,115613.67,930,53590.0,3.536,316729,7.5
6/1/2013,115339.11,839,53590.0,4.07,316934,7.5
7/1/2013,113696.87,880,53590.0,4.37,317156,7.3
8/1/2013,113426.08,917,53590.0,4.456,317397,7.2
9/1/2013,113383.35,850,53590.0,4.49,317635,7.2
10/1/2013,117088.7,925,53590.0,4.192,317864,7.2
11/1/2013,116873.13,1100,53590.0,4.255,318076,6.9
12/1/2013,116564.91,1002,53590.0,4.458,318276,6.7
1/1/2014,116963.04,888,53660.0,4.432,318464,6.6
2/1/2014,116834.43,944,53660.0,4.302,318642,6.7
3/1/2014,116596.34,970,53660.0,4.342,318827,6.7
4/1/2014,121792.38,1043,53660.0,4.338,319020,6.2
5/1/2014,121561.05,1007,53660.0,4.192,319225,6.3
6/1/2014,121400.66,911,53660.0,4.162,319438,6.1
7/1/2014,118316.79,1085,53660.0,4.13,319670,6.2
8/1/2014,118335.72,984,53660.0,4.115,319919,6.1
9/1/2014,118327.25,1023,53660.0,4.162,320166,5.9
10/1/2014,125889.74,1074,53660.0,4.036,320403,5.7
11/1/2014,126127.19,1001,53660.0,3.998,320616,5.8
12/1/2014,126517.45,1073,53660.0,3.864,320815,5.6
1/1/2015,123196.46,1085,56520.0,3.67,320997,5.7
2/1/2015,122884.99,886,56520.0,3.71,321164,5.5
3/1/2015,122554.84,960,56520.0,3.77,321344,5.4
4/1/2015,122384.88,1190,56520.0,3.672,321538,5.4
5/1/2015,121982.61,1079,56520.0,3.84,321740,5.6
6/1/2015,121645.9,1205,56520.0,3.982,321954,5.3
7/1/2015,124267.96,1146,56520.0,4.046,322186,5.2
8/1/2015,124268.48,1130,56520.0,3.905,322427,5.1
9/1/2015,124548.42,1224,56520.0,3.89,322670,5.0
10/1/2015,127243.59,1058,56520.0,3.796,322901,5.0
11/1/2015,127091.76,1172,56520.0,3.942,323113,5.1
12/1/2015,127228.6,1146,56520.0,3.964,323318,5.0
1/1/2016,126150.84,1092,59040.0,3.872,323509,4.8
2/1/2016,126318.81,1225,59040.0,3.66,323687,4.9
3/1/2016,125924.06,1111,59040.0,3.694,323871,5.0
4/1/2016,128037.76,1163,59040.0,3.605,324061,5.1
5/1/2016,127735.78,1148,59040.0,3.6,324260,4.8
6/1/2016,127382.17,1203,59040.0,3.568,324476,4.9
7/1/2016,126530.09,1239,59040.0,3.44,324697,4.8
8/1/2016,126296.53,1171,59040.0,3.435,324924,4.9
9/1/2016,125966.1,1068,59040.0,3.46,325155,5.0
10/1/2016,128608.72,1313,59040.0,3.47,325368,4.9
11/1/2016,128457.27,1140,59040.0,3.77,325562,4.7
12/1/2016,128133.8,1252,59040.0,4.198,325742,4.7
1/1/2017,128520.88,1190,61140.0,4.15,325901,4.7
2/1/2017,128316.52,1271,61140.0,4.168,326050,4.6
3/1/2017,128376.49,1190,61140.0,4.196,326207,4.4
4/1/2017,130306.77,1146,61140.0,4.045,326371,4.4
5/1/2017,130407.7,1157,61140.0,4.01,326548,4.4
6/1/2017,130322.78,1249,61140.0,3.904,326743,4.3
7/1/2017,131221.78,1206,61140.0,3.968,326939,4.3
8/1/2017,130718.69,1159,61140.0,3.88,327140,4.4
9/1/2017,130054.58,1181,61140.0,3.805,327342,4.3
10/1/2017,137009.07,1257,61140.0,3.895,327528,4.2
11/1/2017,136644.51,1273,61140.0,3.922,327699,4.2
12/1/2017,136357.22,1177,61140.0,3.95,327848,4.1
1/1/2018,133328.51,1299,63180.0,4.033,327969,4.0
2/1/2018,132970.52,1277,63180.0,4.33,328085,4.1
3/1/2018,132944.94,1318,63180.0,4.444,328219,4.0
4/1/2018,126125.48,1276,63180.0,4.468,328364,4.0
5/1/2018,125841.33,1357,63180.0,4.586,328521,3.8
6/1/2018,125728.04,1192,63180.0,4.57,328692,4.0
7/1/2018,131720.37,1208,63180.0,4.528,328863,3.8
8/1/2018,131485.36,1288,63180.0,4.55,329040,3.8
9/1/2018,131214.76,1250,63180.0,4.627,329216,3.7
10/1/2018,127704.02,1221,63180.0,4.83,329379,3.8
11/1/2018,127794.01,1181,63180.0,4.866,329527,3.8
12/1/2018,127706.54,1095,63180.0,4.638,329659,3.9
1/1/2019,123930.46,1226,68700.0,4.464,329766,4.0
2/1/2019,123559.62,1121,68700.0,4.37,329862,3.8
3/1/2019,123094.11,1191,68700.0,4.265,329977,3.8
4/1/2019,126355.13,1272,68700.0,4.142,330103,3.7
5/1/2019,126323.95,1293,68700.0,4.072,330240,3.6
6/1/2019,126365.04,1243,68700.0,3.802,330393,3.6
7/1/2019,124471.27,1240,68700.0,3.765,330553,3.7
8/1/2019,124357.51,1375,68700.0,3.616,330729,3.6
9/1/2019,124166.44,1311,68700.0,3.605,330904,3.5
10/1/2019,127199.55,1325,68700.0,3.688,331066,3.6
11/1/2019,126842.43,1353,68700.0,3.695,331213,3.6
12/1/2019,126474.11,1548,68700.0,3.72,331345,3.6
1/1/2020,126964.77,1581,68010.0,3.624,331443,3.6
2/1/2020,126904.53,1549,68010.0,3.465,331525,3.5
3/1/2020,127481.83,1266,68010.0,3.45,331668,4.4
4/1/2020,123851.71,936,68010.0,3.306,331750,14.8
5/1/2020,123963.07,1039,68010.0,3.232,331752,13.2
6/1/2020,123365.05,1266,68010.0,3.162,331795,11.0
7/1/2020,126919.86,1526,68010.0,3.016,331862,10.2
8/1/2020,126448.04,1396,68010.0,2.935,331936,8.4
9/1/2020,126116.84,1473,68010.0,2.89,332017,7.8
10/1/2020,130071.18,1543,68010.0,2.834,332092,6.9
11/1/2020,129776.05,1543,68010.0,2.765,332130,6.7
12/1/2020,129214.45,1614,68010.0,2.684,332113,6.7
1/1/2021,135141.82,1630,70780.0,2.735,332059,6.4
2/1/2021,134684.48,1404,70780.0,2.81,332035,6.2
3/1/2021,133981.98,1696,70780.0,3.082,332074,6.1
4/1/2021,137952.25,1495,70780.0,3.06,332141,6.1
5/1/2021,137042.96,1589,70780.0,2.962,332212,5.8
6/1/2021,135893.06,1650,70780.0,2.975,332300,5.9
7/1/2021,145345.95,1597,70780.0,2.868,332454,5.4
8/1/2021,144933.91,1594,70780.0,2.843,332641,5.1
9/1/2021,144280.97,1577,70780.0,2.9,332801,4.7
10/1/2021,149701.68,1579,70780.0,3.068,332955,4.5
11/1/2021,148430.19,1705,70780.0,3.068,333109,4.1
12/1/2021,147412.27,1722,70780.0,3.098,333251,3.9
1/1/2022,146349.41,1702,74580.0,3.445,333349,4.0
2/1/2022,145342.71,1735,74580.0,3.762,333444,3.9
3/1/2022,143739.09,1712,74580.0,4.172,333595,3.7
4/1/2022,151683.7,1820,74580.0,4.982,333776,3.7
5/1/2022,150258.5,1531,74580.0,5.23,333958,3.6
6/1/2022,148394.51,1551,74580.0,5.522,334147,3.6
7/1/2022,148518.38,1381,74580.0,5.412,334370,3.5
8/1/2022,148425.77,1531,74580.0,5.222,334628,3.6
9/1/2022,147798.71,1488,74580.0,6.112,334885,3.5
10/1/2022,148520.0,1435,74580.0,6.9,335125,3.6
11/1/2022,148132.78,1424,74580.0,6.805,335354,3.6
12/1/2022,148109.97,1308,74580.0,6.364,335569,3.5
1/1/2023,142800.08,1361,80610.0,6.272,335770,3.5
2/1/2023,142312.16,1399,80610.0,6.258,335975,3.6
3/1/2023,142137.23,1377,80610.0,6.544,336189,3.5
4/1/2023,138189.5,1354,80610.0,6.342,336406,3.4
5/1/2023,137966.73,1584,80610.0,6.425,336632,3.6
6/1/2023,137658.13,1421,80610.0,6.714,336875,3.6
7/1/2023,142937.34,1460,80610.0,6.84,337147,3.5
8/1/2023,142249.46,1317,80610.0,7.072,337443,3.7
9/1/2023,141696.72,1371,80610.0,7.2,337738,3.7
10/1/2023,137538.35,1368,80610.0,7.62,338021,3.9
11/1/2023,137336.6,1514,80610.0,7.442,338295,3.7
12/1/2023,137072.82,1521,80610.0,6.815,338550,3.8
1/1/2024,137811.67,1381,83730.0,6.642,338787,3.7
2/1/2024,137249.29,1552,83730.0,6.776,339029,3.9
3/1/2024,136643.78,1312,83730.0,6.82,339288,3.9
4/1/2024,132418.38,1385,83730.0,6.992,339554,3.9
5/1/2024,132354.12,1316,83730.0,7.06,339828,3.9
6/1/2024,132409.5,1327,83730.0,6.918,340108,4.1
7/1/2024,132442.94,1265,83730.0,6.848,340335,4.2
8/1/2024,132235.04,1391,83730.0,6.5,340512,4.2
9/1/2024,131953.54,1357,83730.0,6.18,340688,4.1
10/1/2024,132845.0,1352,83730.0,6.428,340855,4.1
11/1/2024,132468.53,1295,83730.0,6.805,341011,4.2
12/1/2024,132019.75,1514,83730.0,6.715,341149,4.1
1/1/2025,132649.45,1358,83730.0,6.958,341268,4.0
2/1/2025,132351.52,1490,83730.0,6.842,341378,4.2
3/1/2025,132307.64,1355,83730.0,6.65,341496,4.2
4/1/2025,129908.65,1398,83730.0,6.725,341632,4.2
5/1/2025,129779.8,1282,83730.0,6.816,341784,4.3
6/1/2025,129450.74,1382,83730.0,6.818,341945,4.1
7/1/2025,127293.44,1420,83730.0,6.72,342076,4.3
8/1/2025,126851.66,1291,83730.0,6.588,342178,4.3
9/1/2025,126478.43,1328,83730.0,6.352,342277,4.4
10/1/2025,124998.07,1272,83730.0,6.254,342366,4.4
11/1/2025,124683.52,1324,83730.0,6.238,342439,4.5
12/1/2025,124313.33,1387,83730.0,6.238,342495,4.4
